Frame,Time
0,2021-02-24_14:01:59.946660
1,2021-02-24_14:02:00.180041
2,2021-02-24_14:02:00.234273
3,2021-02-24_14:02:00.316404
4,2021-02-24_14:02:00.363790
5,2021-02-24_14:02:00.427203
6,2021-02-24_14:02:00.516666
7,2021-02-24_14:02:00.561748
8,2021-02-24_14:02:00.638233
9,2021-02-24_14:02:00.700774
10,2021-02-24_14:02:00.762308
11,2021-02-24_14:02:00.800512
12,2021-02-24_14:02:00.839629
13,2021-02-24_14:02:00.894261
14,2021-02-24_14:02:00.932071
15,2021-02-24_14:02:00.975276
16,2021-02-24_14:02:01.045998
17,2021-02-24_14:02:01.081404
18,2021-02-24_14:02:01.123889
19,2021-02-24_14:02:01.180504
20,2021-02-24_14:02:01.222121
21,2021-02-24_14:02:01.263720
22,2021-02-24_14:02:01.325424
23,2021-02-24_14:02:01.365962
24,2021-02-24_14:02:01.406182
25,2021-02-24_14:02:01.482326
26,2021-02-24_14:02:01.522375
27,2021-02-24_14:02:01.585784
28,2021-02-24_14:02:01.629080
29,2021-02-24_14:02:01.688364
30,2021-02-24_14:02:01.762682
31,2021-02-24_14:02:01.798193
32,2021-02-24_14:02:01.897646
33,2021-02-24_14:02:01.934705
34,2021-02-24_14:02:02.008725
35,2021-02-24_14:02:02.088539
36,2021-02-24_14:02:02.164484
37,2021-02-24_14:02:02.205679
38,2021-02-24_14:02:02.279706
39,2021-02-24_14:02:02.339282
40,2021-02-24_14:02:02.382500
41,2021-02-24_14:02:02.442660
42,2021-02-24_14:02:02.484870
43,2021-02-24_14:02:02.526477
44,2021-02-24_14:02:02.578361
45,2021-02-24_14:02:02.622925
46,2021-02-24_14:02:02.668050
47,2021-02-24_14:02:02.729898
48,2021-02-24_14:02:02.774015
49,2021-02-24_14:02:02.840170
50,2021-02-24_14:02:02.889580
51,2021-02-24_14:02:02.931800
52,2021-02-24_14:02:02.998970
53,2021-02-24_14:02:03.050584
54,2021-02-24_14:02:03.115205
55,2021-02-24_14:02:03.173631
56,2021-02-24_14:02:03.230553
57,2021-02-24_14:02:03.276132
58,2021-02-24_14:02:03.344695
59,2021-02-24_14:02:03.392431
60,2021-02-24_14:02:03.454033
61,2021-02-24_14:02:03.497566
62,2021-02-24_14:02:03.544870
63,2021-02-24_14:02:03.596508
64,2021-02-24_14:02:03.663087
65,2021-02-24_14:02:03.739549
66,2021-02-24_14:02:03.782390
67,2021-02-24_14:02:03.841941
68,2021-02-24_14:02:03.901163
69,2021-02-24_14:02:03.948023
70,2021-02-24_14:02:04.019501
71,2021-02-24_14:02:04.072890
72,2021-02-24_14:02:04.130046
73,2021-02-24_14:02:04.175349
74,2021-02-24_14:02:04.236948
75,2021-02-24_14:02:04.283297
76,2021-02-24_14:02:04.324352
77,2021-02-24_14:02:04.362647
78,2021-02-24_14:02:04.424783
79,2021-02-24_14:02:04.471748
80,2021-02-24_14:02:04.517637
81,2021-02-24_14:02:04.578094
82,2021-02-24_14:02:04.622056
83,2021-02-24_14:02:04.676563
84,2021-02-24_14:02:04.724013
85,2021-02-24_14:02:04.769102
86,2021-02-24_14:02:04.825594
87,2021-02-24_14:02:04.864827
88,2021-02-24_14:02:04.904603
89,2021-02-24_14:02:04.972164
90,2021-02-24_14:02:05.013758
91,2021-02-24_14:02:05.055142
92,2021-02-24_14:02:05.109110
93,2021-02-24_14:02:05.158188
94,2021-02-24_14:02:05.203725
95,2021-02-24_14:02:05.260695
96,2021-02-24_14:02:05.299958
97,2021-02-24_14:02:05.346935
98,2021-02-24_14:02:05.393365
99,2021-02-24_14:02:05.431320
100,2021-02-24_14:02:05.473518
101,2021-02-24_14:02:05.516675
102,2021-02-24_14:02:05.563473
103,2021-02-24_14:02:05.601413
104,2021-02-24_14:02:05.649207
105,2021-02-24_14:02:05.690377
106,2021-02-24_14:02:05.735352
107,2021-02-24_14:02:05.772119
108,2021-02-24_14:02:05.830689
109,2021-02-24_14:02:05.871704
110,2021-02-24_14:02:05.924286
111,2021-02-24_14:02:05.977400
112,2021-02-24_14:02:06.020713
113,2021-02-24_14:02:06.078523
114,2021-02-24_14:02:06.137246
115,2021-02-24_14:02:06.176118
116,2021-02-24_14:02:06.223894
117,2021-02-24_14:02:06.276476
118,2021-02-24_14:02:06.320170
119,2021-02-24_14:02:06.370527
120,2021-02-24_14:02:06.414871
121,2021-02-24_14:02:06.462219
122,2021-02-24_14:02:06.498474
123,2021-02-24_14:02:06.561553
124,2021-02-24_14:02:06.626256
125,2021-02-24_14:02:06.672884
126,2021-02-24_14:02:06.742115
127,2021-02-24_14:02:06.789380
128,2021-02-24_14:02:06.844783
129,2021-02-24_14:02:06.895429
130,2021-02-24_14:02:06.935072
131,2021-02-24_14:02:06.992248
132,2021-02-24_14:02:07.039348
133,2021-02-24_14:02:07.094299
134,2021-02-24_14:02:07.164869
135,2021-02-24_14:02:07.214429
136,2021-02-24_14:02:07.273344
137,2021-02-24_14:02:07.319375
138,2021-02-24_14:02:07.373241
139,2021-02-24_14:02:07.420832
140,2021-02-24_14:02:07.480067
141,2021-02-24_14:02:07.549752
142,2021-02-24_14:02:07.595371
143,2021-02-24_14:02:07.646007
144,2021-02-24_14:02:07.694834
145,2021-02-24_14:02:07.734901
146,2021-02-24_14:02:07.781771
147,2021-02-24_14:02:07.829615
148,2021-02-24_14:02:07.868733
149,2021-02-24_14:02:07.915180
150,2021-02-24_14:02:07.964045
151,2021-02-24_14:02:08.002903
152,2021-02-24_14:02:08.049960
153,2021-02-24_14:02:08.098078
154,2021-02-24_14:02:08.136702
155,2021-02-24_14:02:08.183634
156,2021-02-24_14:02:08.229930
157,2021-02-24_14:02:08.275273
158,2021-02-24_14:02:08.332167
159,2021-02-24_14:02:08.379115
160,2021-02-24_14:02:08.440343
161,2021-02-24_14:02:08.485504
162,2021-02-24_14:02:08.549673
163,2021-02-24_14:02:08.595672
164,2021-02-24_14:02:08.641841
165,2021-02-24_14:02:08.693173
166,2021-02-24_14:02:08.731992
167,2021-02-24_14:02:08.778855
168,2021-02-24_14:02:08.827123
169,2021-02-24_14:02:08.867334
170,2021-02-24_14:02:08.915729
171,2021-02-24_14:02:08.963399
172,2021-02-24_14:02:09.002581
173,2021-02-24_14:02:09.060750
174,2021-02-24_14:02:09.108317
175,2021-02-24_14:02:09.162952
176,2021-02-24_14:02:09.203976
177,2021-02-24_14:02:09.262655
178,2021-02-24_14:02:09.304001
179,2021-02-24_14:02:09.368035
180,2021-02-24_14:02:09.415419
181,2021-02-24_14:02:09.458224
182,2021-02-24_14:02:09.521749
183,2021-02-24_14:02:09.562653
184,2021-02-24_14:02:09.610135
185,2021-02-24_14:02:09.660049
186,2021-02-24_14:02:09.699614
187,2021-02-24_14:02:09.747007
188,2021-02-24_14:02:09.794529
189,2021-02-24_14:02:09.833964
190,2021-02-24_14:02:09.878737
191,2021-02-24_14:02:09.939272
192,2021-02-24_14:02:09.987807
193,2021-02-24_14:02:10.042464
194,2021-02-24_14:02:10.094435
195,2021-02-24_14:02:10.135771
196,2021-02-24_14:02:10.201973
197,2021-02-24_14:02:10.251925
198,2021-02-24_14:02:10.303727
199,2021-02-24_14:02:10.364869
200,2021-02-24_14:02:10.411634
201,2021-02-24_14:02:10.468106
202,2021-02-24_14:02:10.513193
203,2021-02-24_14:02:10.559930
204,2021-02-24_14:02:10.606784
205,2021-02-24_14:02:10.660925
206,2021-02-24_14:02:10.700896
207,2021-02-24_14:02:10.756326
208,2021-02-24_14:02:10.813873
209,2021-02-24_14:02:10.865113
210,2021-02-24_14:02:10.922433
211,2021-02-24_14:02:10.968798
212,2021-02-24_14:02:11.015909
213,2021-02-24_14:02:11.064563
214,2021-02-24_14:02:11.109920
215,2021-02-24_14:02:11.170738
216,2021-02-24_14:02:11.227681
217,2021-02-24_14:02:11.295205
218,2021-02-24_14:02:11.342997
219,2021-02-24_14:02:11.392652
220,2021-02-24_14:02:11.453981
221,2021-02-24_14:02:11.496330
222,2021-02-24_14:02:11.544404
223,2021-02-24_14:02:11.591963
224,2021-02-24_14:02:11.630994
225,2021-02-24_14:02:11.677086
226,2021-02-24_14:02:11.726034
227,2021-02-24_14:02:11.764972
228,2021-02-24_14:02:11.806087
229,2021-02-24_14:02:11.860475
230,2021-02-24_14:02:11.900434
231,2021-02-24_14:02:11.944477
232,2021-02-24_14:02:12.003861
233,2021-02-24_14:02:12.048383
234,2021-02-24_14:02:12.095270
235,2021-02-24_14:02:12.157376
236,2021-02-24_14:02:12.200133
237,2021-02-24_14:02:12.272646
238,2021-02-24_14:02:12.321655
239,2021-02-24_14:02:12.394309
240,2021-02-24_14:02:12.445993
241,2021-02-24_14:02:12.511887
242,2021-02-24_14:02:12.560828
243,2021-02-24_14:02:12.609037
244,2021-02-24_14:02:12.658529
245,2021-02-24_14:02:12.699153
246,2021-02-24_14:02:12.755323
247,2021-02-24_14:02:12.798552
248,2021-02-24_14:02:12.861184
249,2021-02-24_14:02:12.908108
250,2021-02-24_14:02:12.969602
251,2021-02-24_14:02:13.014950
252,2021-02-24_14:02:13.052259
253,2021-02-24_14:02:13.118810
254,2021-02-24_14:02:13.162224
255,2021-02-24_14:02:13.213240
256,2021-02-24_14:02:13.262919
257,2021-02-24_14:02:13.307434
258,2021-02-24_14:02:13.360833
259,2021-02-24_14:02:13.404685
260,2021-02-24_14:02:13.450342
261,2021-02-24_14:02:13.489387
262,2021-02-24_14:02:13.551037
263,2021-02-24_14:02:13.597772
264,2021-02-24_14:02:13.639651
265,2021-02-24_14:02:13.694832
266,2021-02-24_14:02:13.733372
267,2021-02-24_14:02:13.781981
268,2021-02-24_14:02:13.837842
269,2021-02-24_14:02:13.882290
270,2021-02-24_14:02:13.938582
271,2021-02-24_14:02:13.990321
272,2021-02-24_14:02:14.030965
273,2021-02-24_14:02:14.081245
274,2021-02-24_14:02:14.136896
275,2021-02-24_14:02:14.181464
276,2021-02-24_14:02:14.227141
277,2021-02-24_14:02:14.286787
278,2021-02-24_14:02:14.326215
279,2021-02-24_14:02:14.386086
280,2021-02-24_14:02:14.433698
281,2021-02-24_14:02:14.496096
282,2021-02-24_14:02:14.551022
283,2021-02-24_14:02:14.591318
284,2021-02-24_14:02:14.639579
285,2021-02-24_14:02:14.690298
286,2021-02-24_14:02:14.731498
287,2021-02-24_14:02:14.801498
288,2021-02-24_14:02:14.854530
289,2021-02-24_14:02:14.909185
290,2021-02-24_14:02:14.959206
291,2021-02-24_14:02:15.001246
292,2021-02-24_14:02:15.050336
293,2021-02-24_14:02:15.113279
294,2021-02-24_14:02:15.180136
295,2021-02-24_14:02:15.225632
296,2021-02-24_14:02:15.277139
297,2021-02-24_14:02:15.338407
298,2021-02-24_14:02:15.381356
299,2021-02-24_14:02:15.429943
300,2021-02-24_14:02:15.493126
301,2021-02-24_14:02:15.542029
302,2021-02-24_14:02:15.589996
303,2021-02-24_14:02:15.631479
304,2021-02-24_14:02:15.685934
305,2021-02-24_14:02:15.729995
306,2021-02-24_14:02:15.803880
307,2021-02-24_14:02:15.852667
308,2021-02-24_14:02:15.908693
309,2021-02-24_14:02:15.957433
310,2021-02-24_14:02:16.002600
311,2021-02-24_14:02:16.050329
312,2021-02-24_14:02:16.103290
313,2021-02-24_14:02:16.155951
314,2021-02-24_14:02:16.220572
315,2021-02-24_14:02:16.274807
316,2021-02-24_14:02:16.320882
317,2021-02-24_14:02:16.387467
318,2021-02-24_14:02:16.451855
319,2021-02-24_14:02:16.520137
320,2021-02-24_14:02:16.572922
321,2021-02-24_14:02:16.644915
322,2021-02-24_14:02:16.688303
323,2021-02-24_14:02:16.742723
324,2021-02-24_14:02:16.798358
325,2021-02-24_14:02:16.851747
326,2021-02-24_14:02:16.914803
327,2021-02-24_14:02:16.956033
328,2021-02-24_14:02:17.011726
329,2021-02-24_14:02:17.062744
330,2021-02-24_14:02:17.101617
331,2021-02-24_14:02:17.146720
332,2021-02-24_14:02:17.200299
333,2021-02-24_14:02:17.245576
334,2021-02-24_14:02:17.295273
335,2021-02-24_14:02:17.351862
336,2021-02-24_14:02:17.405949
337,2021-02-24_14:02:17.473880
338,2021-02-24_14:02:17.515216
339,2021-02-24_14:02:17.562179
340,2021-02-24_14:02:17.634802
341,2021-02-24_14:02:17.677645
342,2021-02-24_14:02:17.727384
343,2021-02-24_14:02:17.774494
344,2021-02-24_14:02:17.838517
345,2021-02-24_14:02:17.908819
346,2021-02-24_14:02:17.952449
347,2021-02-24_14:02:17.998453
348,2021-02-24_14:02:18.053255
349,2021-02-24_14:02:18.117482
350,2021-02-24_14:02:18.184296
351,2021-02-24_14:02:18.250987
352,2021-02-24_14:02:18.315011
353,2021-02-24_14:02:18.382421
354,2021-02-24_14:02:18.446623
355,2021-02-24_14:02:18.515264
356,2021-02-24_14:02:18.558595
357,2021-02-24_14:02:18.632009
358,2021-02-24_14:02:18.672480
359,2021-02-24_14:02:18.720513
360,2021-02-24_14:02:18.772081
361,2021-02-24_14:02:18.828604
362,2021-02-24_14:02:18.886081
363,2021-02-24_14:02:18.934711
364,2021-02-24_14:02:18.980824
365,2021-02-24_14:02:19.046980
366,2021-02-24_14:02:19.095952
367,2021-02-24_14:02:19.164859
368,2021-02-24_14:02:19.210946
369,2021-02-24_14:02:19.269396
370,2021-02-24_14:02:19.334877
371,2021-02-24_14:02:19.397288
372,2021-02-24_14:02:19.444460
373,2021-02-24_14:02:19.493795
374,2021-02-24_14:02:19.554929
375,2021-02-24_14:02:19.595680
376,2021-02-24_14:02:19.683409
377,2021-02-24_14:02:19.734853
378,2021-02-24_14:02:19.805443
379,2021-02-24_14:02:19.856378
380,2021-02-24_14:02:19.913541
381,2021-02-24_14:02:19.975131
382,2021-02-24_14:02:20.022532
383,2021-02-24_14:02:20.069880
384,2021-02-24_14:02:20.132244
385,2021-02-24_14:02:20.176975
386,2021-02-24_14:02:20.241664
387,2021-02-24_14:02:20.282543
388,2021-02-24_14:02:20.327246
389,2021-02-24_14:02:20.384610
390,2021-02-24_14:02:20.424138
391,2021-02-24_14:02:20.471393
392,2021-02-24_14:02:20.519160
393,2021-02-24_14:02:20.558292
394,2021-02-24_14:02:20.607285
395,2021-02-24_14:02:20.653530
396,2021-02-24_14:02:20.693792
397,2021-02-24_14:02:20.751226
398,2021-02-24_14:02:20.805521
399,2021-02-24_14:02:20.855350
400,2021-02-24_14:02:20.916438
401,2021-02-24_14:02:20.958517
402,2021-02-24_14:02:21.016919
403,2021-02-24_14:02:21.061157
404,2021-02-24_14:02:21.127440
405,2021-02-24_14:02:21.171740
406,2021-02-24_14:02:21.249686
407,2021-02-24_14:02:21.302169
408,2021-02-24_14:02:21.351453
409,2021-02-24_14:02:21.400522
410,2021-02-24_14:02:21.462193
411,2021-02-24_14:02:21.513490
412,2021-02-24_14:02:21.570192
413,2021-02-24_14:02:21.621283
414,2021-02-24_14:02:21.661705
415,2021-02-24_14:02:21.709851
416,2021-02-24_14:02:21.776062
417,2021-02-24_14:02:21.818069
418,2021-02-24_14:02:21.882368
419,2021-02-24_14:02:21.933835
420,2021-02-24_14:02:21.977297
421,2021-02-24_14:02:22.032930
422,2021-02-24_14:02:22.079568
423,2021-02-24_14:02:22.128450
424,2021-02-24_14:02:22.183162
425,2021-02-24_14:02:22.244053
426,2021-02-24_14:02:22.319496
427,2021-02-24_14:02:22.361027
428,2021-02-24_14:02:22.409125
429,2021-02-24_14:02:22.458044
430,2021-02-24_14:02:22.497644
431,2021-02-24_14:02:22.554160
432,2021-02-24_14:02:22.595685
433,2021-02-24_14:02:22.658589
434,2021-02-24_14:02:22.702629
435,2021-02-24_14:02:22.756596
436,2021-02-24_14:02:22.806178
437,2021-02-24_14:02:22.866415
438,2021-02-24_14:02:22.913665
439,2021-02-24_14:02:22.963906
440,2021-02-24_14:02:23.017968
441,2021-02-24_14:02:23.060261
442,2021-02-24_14:02:23.118496
443,2021-02-24_14:02:23.167105
444,2021-02-24_14:02:23.205268
445,2021-02-24_14:02:23.269610
446,2021-02-24_14:02:23.312969
447,2021-02-24_14:02:23.360034
448,2021-02-24_14:02:23.414566
449,2021-02-24_14:02:23.457726
450,2021-02-24_14:02:23.514830
451,2021-02-24_14:02:23.564777
452,2021-02-24_14:02:23.615271
453,2021-02-24_14:02:23.686096
454,2021-02-24_14:02:23.755948
455,2021-02-24_14:02:23.805178
456,2021-02-24_14:02:23.855927
457,2021-02-24_14:02:23.901377
458,2021-02-24_14:02:23.969150
459,2021-02-24_14:02:24.035507
460,2021-02-24_14:02:24.101931
461,2021-02-24_14:02:24.164784
462,2021-02-24_14:02:24.217783
463,2021-02-24_14:02:24.279692
464,2021-02-24_14:02:24.333501
465,2021-02-24_14:02:24.402770
466,2021-02-24_14:02:24.451571
467,2021-02-24_14:02:24.516611
468,2021-02-24_14:02:24.566473
469,2021-02-24_14:02:24.634251
470,2021-02-24_14:02:24.688980
471,2021-02-24_14:02:24.735802
472,2021-02-24_14:02:24.806561
473,2021-02-24_14:02:24.851618
474,2021-02-24_14:02:24.903751
475,2021-02-24_14:02:24.965583
476,2021-02-24_14:02:25.010020
477,2021-02-24_14:02:25.064409
478,2021-02-24_14:02:25.112619
479,2021-02-24_14:02:25.158433
480,2021-02-24_14:02:25.213341
481,2021-02-24_14:02:25.257237
482,2021-02-24_14:02:25.303457
483,2021-02-24_14:02:25.356744
484,2021-02-24_14:02:25.402020
485,2021-02-24_14:02:25.456057
486,2021-02-24_14:02:25.501187
487,2021-02-24_14:02:25.545387
488,2021-02-24_14:02:25.606048
489,2021-02-24_14:02:25.653720
490,2021-02-24_14:02:25.696497
491,2021-02-24_14:02:25.742473
492,2021-02-24_14:02:25.790570
493,2021-02-24_14:02:25.833992
494,2021-02-24_14:02:25.878830
495,2021-02-24_14:02:25.942776
496,2021-02-24_14:02:25.984979
497,2021-02-24_14:02:26.036917
498,2021-02-24_14:02:26.087028
499,2021-02-24_14:02:26.139927
500,2021-02-24_14:02:26.205991
501,2021-02-24_14:02:26.248514
502,2021-02-24_14:02:26.303275
503,2021-02-24_14:02:26.358142
504,2021-02-24_14:02:26.397754
505,2021-02-24_14:02:26.459871
506,2021-02-24_14:02:26.507533
507,2021-02-24_14:02:26.560609
508,2021-02-24_14:02:26.618566
509,2021-02-24_14:02:26.660255
510,2021-02-24_14:02:26.723145
511,2021-02-24_14:02:26.770204
512,2021-02-24_14:02:26.828975
513,2021-02-24_14:02:26.879898
514,2021-02-24_14:02:26.945317
515,2021-02-24_14:02:26.987922
516,2021-02-24_14:02:27.028234
517,2021-02-24_14:02:27.086439
518,2021-02-24_14:02:27.128095
519,2021-02-24_14:02:27.197272
520,2021-02-24_14:02:27.271637
521,2021-02-24_14:02:27.321862
522,2021-02-24_14:02:27.388671
523,2021-02-24_14:02:27.441659
524,2021-02-24_14:02:27.500446
525,2021-02-24_14:02:27.553023
526,2021-02-24_14:02:27.594755
527,2021-02-24_14:02:27.650128
528,2021-02-24_14:02:27.697048
529,2021-02-24_14:02:27.744973
530,2021-02-24_14:02:27.803429
531,2021-02-24_14:02:27.850546
532,2021-02-24_14:02:27.915179
533,2021-02-24_14:02:27.961174
534,2021-02-24_14:02:28.024036
535,2021-02-24_14:02:28.072722
536,2021-02-24_14:02:28.118440
537,2021-02-24_14:02:28.195975
538,2021-02-24_14:02:28.239306
539,2021-02-24_14:02:28.298545
540,2021-02-24_14:02:28.345724
541,2021-02-24_14:02:28.393288
542,2021-02-24_14:02:28.450208
543,2021-02-24_14:02:28.489739
544,2021-02-24_14:02:28.537084
545,2021-02-24_14:02:28.597429
546,2021-02-24_14:02:28.646722
547,2021-02-24_14:02:28.709723
548,2021-02-24_14:02:28.750510
549,2021-02-24_14:02:28.801901
550,2021-02-24_14:02:28.852277
551,2021-02-24_14:02:28.892643
552,2021-02-24_14:02:28.934662
553,2021-02-24_14:02:28.990779
554,2021-02-24_14:02:29.042901
555,2021-02-24_14:02:29.107351
556,2021-02-24_14:02:29.157745
557,2021-02-24_14:02:29.225714
558,2021-02-24_14:02:29.276732
559,2021-02-24_14:02:29.333310
560,2021-02-24_14:02:29.388152
561,2021-02-24_14:02:29.436654
562,2021-02-24_14:02:29.494342
563,2021-02-24_14:02:29.543533
564,2021-02-24_14:02:29.596569
565,2021-02-24_14:02:29.642718
566,2021-02-24_14:02:29.696290
567,2021-02-24_14:02:29.751953
568,2021-02-24_14:02:29.800634
569,2021-02-24_14:02:29.866851
570,2021-02-24_14:02:29.938876
571,2021-02-24_14:02:29.984470
572,2021-02-24_14:02:30.064351
573,2021-02-24_14:02:30.115517
574,2021-02-24_14:02:30.168540
575,2021-02-24_14:02:30.232369
576,2021-02-24_14:02:30.271345
577,2021-02-24_14:02:30.339333
578,2021-02-24_14:02:30.382563
579,2021-02-24_14:02:30.437197
580,2021-02-24_14:02:30.494531
581,2021-02-24_14:02:30.543941
582,2021-02-24_14:02:30.610053
583,2021-02-24_14:02:30.665905
584,2021-02-24_14:02:30.732127
585,2021-02-24_14:02:30.781872
586,2021-02-24_14:02:30.858387
587,2021-02-24_14:02:30.905315
588,2021-02-24_14:02:30.943116
589,2021-02-24_14:02:31.007703
590,2021-02-24_14:02:31.049946
591,2021-02-24_14:02:31.119409
592,2021-02-24_14:02:31.168891
593,2021-02-24_14:02:31.230332
594,2021-02-24_14:02:31.281944
595,2021-02-24_14:02:31.321842
596,2021-02-24_14:02:31.370706
597,2021-02-24_14:02:31.427295
598,2021-02-24_14:02:31.475904
599,2021-02-24_14:02:31.536042
600,2021-02-24_14:02:31.585278
601,2021-02-24_14:02:31.641658
602,2021-02-24_14:02:31.694989
603,2021-02-24_14:02:31.740962
604,2021-02-24_14:02:31.794785
605,2021-02-24_14:02:31.849068
606,2021-02-24_14:02:31.891751
607,2021-02-24_14:02:31.950472
608,2021-02-24_14:02:31.993623
609,2021-02-24_14:02:32.054994
610,2021-02-24_14:02:32.103994
611,2021-02-24_14:02:32.161673
612,2021-02-24_14:02:32.216440
613,2021-02-24_14:02:32.256522
614,2021-02-24_14:02:32.330344
615,2021-02-24_14:02:32.374952
616,2021-02-24_14:02:32.459997
617,2021-02-24_14:02:32.534677
618,2021-02-24_14:02:32.586188
619,2021-02-24_14:02:32.652446
620,2021-02-24_14:02:32.707995
621,2021-02-24_14:02:32.772167
622,2021-02-24_14:02:32.831104
623,2021-02-24_14:02:32.898335
624,2021-02-24_14:02:32.951338
625,2021-02-24_14:02:32.996274
626,2021-02-24_14:02:33.062976
627,2021-02-24_14:02:33.138272
628,2021-02-24_14:02:33.209478
629,2021-02-24_14:02:33.258403
630,2021-02-24_14:02:33.326808
631,2021-02-24_14:02:33.396607
632,2021-02-24_14:02:33.469093
633,2021-02-24_14:02:33.515296
634,2021-02-24_14:02:33.578340
635,2021-02-24_14:02:33.630518
636,2021-02-24_14:02:33.679525
637,2021-02-24_14:02:33.725301
638,2021-02-24_14:02:33.797634
639,2021-02-24_14:02:33.849602
640,2021-02-24_14:02:33.890159
641,2021-02-24_14:02:33.942492
642,2021-02-24_14:02:34.006038
643,2021-02-24_14:02:34.047279
644,2021-02-24_14:02:34.098955
645,2021-02-24_14:02:34.143859
646,2021-02-24_14:02:34.206543
647,2021-02-24_14:02:34.266526
648,2021-02-24_14:02:34.310083
649,2021-02-24_14:02:34.358517
650,2021-02-24_14:02:34.414304
651,2021-02-24_14:02:34.453679
652,2021-02-24_14:02:34.501514
653,2021-02-24_14:02:34.549805
654,2021-02-24_14:02:34.588900
655,2021-02-24_14:02:34.637273
656,2021-02-24_14:02:34.686442
657,2021-02-24_14:02:34.725829
658,2021-02-24_14:02:34.785431
659,2021-02-24_14:02:34.826923
660,2021-02-24_14:02:34.864469
661,2021-02-24_14:02:34.918607
662,2021-02-24_14:02:34.960320
663,2021-02-24_14:02:35.005938
664,2021-02-24_14:02:35.053976
665,2021-02-24_14:02:35.112614
666,2021-02-24_14:02:35.160062
667,2021-02-24_14:02:35.221651
668,2021-02-24_14:02:35.275864
669,2021-02-24_14:02:35.331304
670,2021-02-24_14:02:35.382391
671,2021-02-24_14:02:35.430913
672,2021-02-24_14:02:35.473429
673,2021-02-24_14:02:35.523766
674,2021-02-24_14:02:35.570503
675,2021-02-24_14:02:35.632657
676,2021-02-24_14:02:35.699772
677,2021-02-24_14:02:35.742207
678,2021-02-24_14:02:35.793112
679,2021-02-24_14:02:35.842538
680,2021-02-24_14:02:35.892514
681,2021-02-24_14:02:35.941929
682,2021-02-24_14:02:36.005949
683,2021-02-24_14:02:36.051237
684,2021-02-24_14:02:36.089531
685,2021-02-24_14:02:36.139844
686,2021-02-24_14:02:36.190912
687,2021-02-24_14:02:36.235564
688,2021-02-24_14:02:36.308224
689,2021-02-24_14:02:36.386472
690,2021-02-24_14:02:36.440425
691,2021-02-24_14:02:36.517471
692,2021-02-24_14:02:36.577290
693,2021-02-24_14:02:36.634806
694,2021-02-24_14:02:36.687216
695,2021-02-24_14:02:36.744231
696,2021-02-24_14:02:36.806453
697,2021-02-24_14:02:36.858191
698,2021-02-24_14:02:36.932858
699,2021-02-24_14:02:36.986893
700,2021-02-24_14:02:37.062291
701,2021-02-24_14:02:37.108333
702,2021-02-24_14:02:37.176672
703,2021-02-24_14:02:37.226662
704,2021-02-24_14:02:37.294046
705,2021-02-24_14:02:37.347489
706,2021-02-24_14:02:37.416040
707,2021-02-24_14:02:37.494841
708,2021-02-24_14:02:37.533843
709,2021-02-24_14:02:37.601094
710,2021-02-24_14:02:37.651899
711,2021-02-24_14:02:37.727993
712,2021-02-24_14:02:37.771198
713,2021-02-24_14:02:37.824889
714,2021-02-24_14:02:37.881810
715,2021-02-24_14:02:37.944148
716,2021-02-24_14:02:37.991657
717,2021-02-24_14:02:38.054569
718,2021-02-24_14:02:38.104085
719,2021-02-24_14:02:38.151499
720,2021-02-24_14:02:38.204425
721,2021-02-24_14:02:38.270423
722,2021-02-24_14:02:38.316140
723,2021-02-24_14:02:38.363863
724,2021-02-24_14:02:38.413570
725,2021-02-24_14:02:38.453028
726,2021-02-24_14:02:38.494869
727,2021-02-24_14:02:38.546994
728,2021-02-24_14:02:38.590603
729,2021-02-24_14:02:38.647839
730,2021-02-24_14:02:38.692998
731,2021-02-24_14:02:38.752445
732,2021-02-24_14:02:38.794975
733,2021-02-24_14:02:38.839770
734,2021-02-24_14:02:38.903421
735,2021-02-24_14:02:38.943019
736,2021-02-24_14:02:38.990312
737,2021-02-24_14:02:39.046620
738,2021-02-24_14:02:39.086887
739,2021-02-24_14:02:39.131433
740,2021-02-24_14:02:39.187817
741,2021-02-24_14:02:39.232116
742,2021-02-24_14:02:39.279832
743,2021-02-24_14:02:39.319003
744,2021-02-24_14:02:39.373992
745,2021-02-24_14:02:39.419239
746,2021-02-24_14:02:39.472686
747,2021-02-24_14:02:39.531074
748,2021-02-24_14:02:39.599865
749,2021-02-24_14:02:39.667954
750,2021-02-24_14:02:39.726554
751,2021-02-24_14:02:39.765199
752,2021-02-24_14:02:39.812506
753,2021-02-24_14:02:39.852564
754,2021-02-24_14:02:39.904750
755,2021-02-24_14:02:39.952477
756,2021-02-24_14:02:39.995769
757,2021-02-24_14:02:40.049023
758,2021-02-24_14:02:40.087814
759,2021-02-24_14:02:40.131494
760,2021-02-24_14:02:40.191945
761,2021-02-24_14:02:40.234474
762,2021-02-24_14:02:40.281942
763,2021-02-24_14:02:40.323560
764,2021-02-24_14:02:40.375732
765,2021-02-24_14:02:40.419700
766,2021-02-24_14:02:40.465633
767,2021-02-24_14:02:40.524945
768,2021-02-24_14:02:40.570266
769,2021-02-24_14:02:40.631201
770,2021-02-24_14:02:40.686123
771,2021-02-24_14:02:40.731996
772,2021-02-24_14:02:40.788586
773,2021-02-24_14:02:40.829003
774,2021-02-24_14:02:40.874587
775,2021-02-24_14:02:40.938718
776,2021-02-24_14:02:40.999932
777,2021-02-24_14:02:41.057838
778,2021-02-24_14:02:41.126809
779,2021-02-24_14:02:41.189682
780,2021-02-24_14:02:41.234058
781,2021-02-24_14:02:41.279954
782,2021-02-24_14:02:41.321968
783,2021-02-24_14:02:41.366951
784,2021-02-24_14:02:41.411084
785,2021-02-24_14:02:41.478917
786,2021-02-24_14:02:41.519211
787,2021-02-24_14:02:41.566248
788,2021-02-24_14:02:41.613649
789,2021-02-24_14:02:41.650681
790,2021-02-24_14:02:41.698361
791,2021-02-24_14:02:41.747610
792,2021-02-24_14:02:41.786429
793,2021-02-24_14:02:41.843823
794,2021-02-24_14:02:41.888531
795,2021-02-24_14:02:41.931714
796,2021-02-24_14:02:41.989907
797,2021-02-24_14:02:42.031875
798,2021-02-24_14:02:42.073646
799,2021-02-24_14:02:42.134547
800,2021-02-24_14:02:42.175035
801,2021-02-24_14:02:42.218681
802,2021-02-24_14:02:42.276224
803,2021-02-24_14:02:42.315022
804,2021-02-24_14:02:42.356114
805,2021-02-24_14:02:42.418384
806,2021-02-24_14:02:42.456408
